Popularity,Song,URL,Year
0,4real4real,http://www.metrolyrics.com/4real4real-lyrics-mariah-carey.html,2008
0,8th Grade,http://www.metrolyrics.com/8th-grade-lyrics-mariah-carey.html,2018
0,A No No,http://www.metrolyrics.com/a-no-no-lyrics-mariah-carey.html,2018
0,A No No (Remix),http://www.metrolyrics.com/a-no-no-remix-lyrics-mariah-carey.html,2019
1,After Tonight,http://www.metrolyrics.com/after-tonight-lyrics-mariah-carey.html,2006
5,Against All Odds,http://www.metrolyrics.com/against-all-odds-lyrics-mariah-carey.html,2006
0,Against All Odds (take A Look At Me Now),http://www.metrolyrics.com/against-all-odds-take-a-look-at-me-now-lyrics-mariah-carey.html,2006
0,All Alone In Love,http://www.metrolyrics.com/all-alone-in-love-lyrics-mariah-carey.html,2006
7,All I Want For Christmas Is You,http://www.metrolyrics.com/all-i-want-for-christmas-is-you-lyrics-mariah-carey.html,2010
1,All I Want for Christmas Is You (Extra Festive),http://www.metrolyrics.com/all-i-want-for-christmas-is-you-extra-festive-lyrics-mariah-carey.html,2016
1,All I Want For Christmas Is You [So So Def Remix],http://www.metrolyrics.com/all-i-want-for-christmas-is-you-so-so-def-remix-lyrics-mariah-carey.html,2015
0,All I Want Forr Christmas is You,http://www.metrolyrics.com/all-i-want-forr-christmas-is-you-lyrics-mariah-carey.html,2006
0,All I've Ever Wanted,http://www.metrolyrics.com/all-ive-ever-wanted-lyrics-mariah-carey.html,2006
0,All In Your Mind,http://www.metrolyrics.com/all-in-your-mind-lyrics-mariah-carey.html,2006
0,All My Life,http://www.metrolyrics.com/all-my-life-lyrics-mariah-carey.html,2006
2,Almost Home,http://www.metrolyrics.com/almost-home-lyrics-mariah-carey.html,2013
0,Alone in Love,http://www.metrolyrics.com/alone-in-love-lyrics-mariah-carey.html,2006
6,Always Be My Baby,http://www.metrolyrics.com/always-be-my-baby-lyrics-mariah-carey.html,2009
0,And You Don't Remember,http://www.metrolyrics.com/and-you-dont-remember-lyrics-mariah-carey.html,2006
6,Angels Cry,http://www.metrolyrics.com/angels-cry-lyrics-mariah-carey.html,2009
4,Anytime You Need A Friend,http://www.metrolyrics.com/anytime-you-need-a-friend-lyrics-mariah-carey.html,2009
5,Auld Lang Syne,http://www.metrolyrics.com/auld-lang-syne-lyrics-mariah-carey.html,2010
0,Auld Lang Syne (The New Year's Anthem),http://www.metrolyrics.com/auld-lang-syne-the-new-years-anthem-lyrics-mariah-carey.html,2015
0,Baby Doll,http://www.metrolyrics.com/baby-doll-lyrics-mariah-carey.html,2006
1,Babydoll,http://www.metrolyrics.com/babydoll-lyrics-mariah-carey.html,2008
3,Beautiful,http://www.metrolyrics.com/beautiful-lyrics-mariah-carey.html,2013
1,Betcha Gon' Know,http://www.metrolyrics.com/betcha-gon-know-lyrics-mariah-carey.html,2009
1,Bliss,http://www.metrolyrics.com/bliss-lyrics-mariah-carey.html,2012
0,Boy (I Need You),http://www.metrolyrics.com/boy-i-need-you-lyrics-mariah-carey.html,2006
5,Breakdown,http://www.metrolyrics.com/breakdown-lyrics-mariah-carey.html,2006
0,Breakdown (The Mo' Thugs Remix),http://www.metrolyrics.com/breakdown-the-mo-thugs-remix-lyrics-mariah-carey.html,2007
1,Bringin' on The Heartbreak,http://www.metrolyrics.com/bringin-on-the-heartbreak-lyrics-mariah-carey.html,2006
0,Bringing On The Heartbreak,http://www.metrolyrics.com/bringing-on-the-heartbreak-lyrics-mariah-carey.html,2008
6,Butterfly,http://www.metrolyrics.com/butterfly-lyrics-mariah-carey.html,2012
6,Bye Bye,http://www.metrolyrics.com/bye-bye-lyrics-mariah-carey.html,2008
3,Can't Let Go,http://www.metrolyrics.com/cant-let-go-lyrics-mariah-carey.html,2009
3,Can't Take That Away,http://www.metrolyrics.com/cant-take-that-away-lyrics-mariah-carey.html,2006
0,Can't Take That Away (Mariah's Theme),http://www.metrolyrics.com/cant-take-that-away-mariahs-theme-lyrics-mariah-carey.html,2012
2,Can't Take That Away From Me (mariah's Theme),http://www.metrolyrics.com/cant-take-that-away-from-me-mariahs-theme-lyrics-mariah-carey.html,2006
3,Can't Take That Way,http://www.metrolyrics.com/cant-take-that-way-lyrics-mariah-carey.html,2006
0,Candy Bling,http://www.metrolyrics.com/candy-bling-lyrics-mariah-carey.html,2009
0,Caution,http://www.metrolyrics.com/caution-lyrics-mariah-carey.html,2018
0,Charlie Brown Christmas,http://www.metrolyrics.com/charlie-brown-christmas-lyrics-mariah-carey.html,2010
2,Christmas (baby Please Come Home),http://www.metrolyrics.com/christmas-baby-please-come-home-lyrics-mariah-carey.html,2006
0,Christmas Time Is In The Air Again,http://www.metrolyrics.com/christmas-time-is-in-the-air-again-lyrics-mariah-carey.html,2010
3,Circles,http://www.metrolyrics.com/circles-lyrics-mariah-carey.html,2005
1,Close My Eyes,http://www.metrolyrics.com/close-my-eyes-lyrics-mariah-carey.html,2012
0,Clown,http://www.metrolyrics.com/clown-lyrics-mariah-carey.html,2006
2,Cruise Control,http://www.metrolyrics.com/cruise-control-lyrics-mariah-carey.html,2008
0,Crybaby,http://www.metrolyrics.com/crybaby-lyrics-mariah-carey.html,2006
0,Daydream Interlude,http://www.metrolyrics.com/daydream-interlude-lyrics-mariah-carey.html,2006
0,Do You Know Where You're Going To?,http://www.metrolyrics.com/do-you-know-where-youre-going-to-lyrics-mariah-carey.html,2013
3,Do You Think Of Me,http://www.metrolyrics.com/do-you-think-of-me-lyrics-mariah-carey.html,2006
2,Don't Forget About Us,http://www.metrolyrics.com/dont-forget-about-us-lyrics-mariah-carey.html,2006
0,Don't Stop (funkin' 4 Jamaica),http://www.metrolyrics.com/dont-stop-funkin-4-jamaica-lyrics-mariah-carey.html,2006
3,Dreamlover,http://www.metrolyrics.com/dreamlover-lyrics-mariah-carey.html,2009
5,Emotions,http://www.metrolyrics.com/emotions-lyrics-mariah-carey.html,2006
4,Endless Love,http://www.metrolyrics.com/endless-love-lyrics-mariah-carey.html,2009
0,Everthing Fades Away,http://www.metrolyrics.com/everthing-fades-away-lyrics-mariah-carey.html,2006
1,Everything Fades Away,http://www.metrolyrics.com/everything-fades-away-lyrics-mariah-carey.html,2007
0,Ex - Girlfriend,http://www.metrolyrics.com/ex-girlfriend-lyrics-mariah-carey.html,2006
0,Faded,http://www.metrolyrics.com/faded-lyrics-mariah-carey.html,2014
6,Fantasy,http://www.metrolyrics.com/fantasy-lyrics-mariah-carey.html,2012
0,Fantasy Remix,http://www.metrolyrics.com/fantasy-remix-lyrics-mariah-carey.html,2007
1,Fly Away,http://www.metrolyrics.com/fly-away-lyrics-mariah-carey.html,2006
5,Fly Like A Bird,http://www.metrolyrics.com/fly-like-a-bird-lyrics-mariah-carey.html,2005
0,For The Record,http://www.metrolyrics.com/for-the-record-lyrics-mariah-carey.html,2008
3,Forever,http://www.metrolyrics.com/forever-lyrics-mariah-carey.html,2006
3,Fourth Of July,http://www.metrolyrics.com/fourth-of-july-lyrics-mariah-carey.html,2006
0,Get Your Number,http://www.metrolyrics.com/get-your-number-lyrics-mariah-carey.html,2005
0,Giving Me Life,http://www.metrolyrics.com/giving-me-life-lyrics-mariah-carey.html,2018
0,GTFO,http://www.metrolyrics.com/gtfo-lyrics-mariah-carey.html,2018
1,H.A.T.E.U,http://www.metrolyrics.com/hateu-lyrics-mariah-carey.html,2009
0,Hark! The Herald Angels Sing,http://www.metrolyrics.com/hark-the-herald-angels-sing-lyrics-mariah-carey.html,2006
0,Hark! The Herald Angels Sing/Gloria (In Excelsis Deo),http://www.metrolyrics.com/hark-the-herald-angels-singgloria-in-excelsis-deo-lyrics-mariah-carey.html,2008
0,Hark! The Herald Angles Sing/Gloria (in Excelsis Deo),http://www.metrolyrics.com/hark-the-herald-angles-singgloria-in-excelsis-deo-lyrics-mariah-carey.html,2007
4,Hate You,http://www.metrolyrics.com/hate-you-lyrics-mariah-carey.html,2009
1,Heart,http://www.metrolyrics.com/heart-lyrics-mariah-carey.html,2013
4,HeartBreaker,http://www.metrolyrics.com/heartbreaker-lyrics-mariah-carey.html,2012
0,HeartBreaker (remix),http://www.metrolyrics.com/heartbreaker-remix-lyrics-mariah-carey.html,2007
0,Heat,http://www.metrolyrics.com/heat-lyrics-mariah-carey.html,2008
0,Heavenly (No Ways Tired/Can't Give Up Now),http://www.metrolyrics.com/heavenly-no-ways-tiredcant-give-up-now-lyrics-mariah-carey.html,2014
0,Here Comes Santa Claus,http://www.metrolyrics.com/here-comes-santa-claus-lyrics-mariah-carey.html,2010
7,Hero,http://www.metrolyrics.com/hero-lyrics-mariah-carey.html,2009
0,Heroe,http://www.metrolyrics.com/heroe-lyrics-mariah-carey.html,2007
5,Honey,http://www.metrolyrics.com/honey-lyrics-mariah-carey.html,2012
2,Honey (bad Boy Remix),http://www.metrolyrics.com/honey-bad-boy-remix-lyrics-mariah-carey.html,2006
0,Honey (remix),http://www.metrolyrics.com/honey-remix-lyrics-mariah-carey.html,2006
0,Honey (So So Def Mix),http://www.metrolyrics.com/honey-so-so-def-mix-lyrics-mariah-carey.html,2008
0,How Much,http://www.metrolyrics.com/how-much-lyrics-mariah-carey.html,2009
0,I Am Free,http://www.metrolyrics.com/i-am-free-lyrics-mariah-carey.html,2006
0,I Don't,http://www.metrolyrics.com/i-dont-lyrics-mariah-carey.html,2017
3,I Don't Wanna Cry,http://www.metrolyrics.com/i-dont-wanna-cry-lyrics-mariah-carey.html,2012
0,I Don't Want To Cry,http://www.metrolyrics.com/i-dont-want-to-cry-lyrics-mariah-carey.html,2008
0,I Only Wanted,http://www.metrolyrics.com/i-only-wanted-lyrics-mariah-carey.html,2006
4,I Stay In Love,http://www.metrolyrics.com/i-stay-in-love-lyrics-mariah-carey.html,2008
5,I Still Believe,http://www.metrolyrics.com/i-still-believe-lyrics-mariah-carey.html,2009
0,I Sttill Believe,http://www.metrolyrics.com/i-sttill-believe-lyrics-mariah-carey.html,2006
4,I Want to Know What Love Is,http://www.metrolyrics.com/i-want-to-know-what-love-is-lyrics-mariah-carey.html,2009
3,I Wish You Knew,http://www.metrolyrics.com/i-wish-you-knew-lyrics-mariah-carey.html,2005
2,I Wish You Well,http://www.metrolyrics.com/i-wish-you-well-lyrics-mariah-carey.html,2008
0,I'll Be Lovin' U Long Time,http://www.metrolyrics.com/ill-be-lovin-u-long-time-lyrics-mariah-carey.html,2008
6,I'll Be There,http://www.metrolyrics.com/ill-be-there-lyrics-mariah-carey.html,2009
0,I'm That Chick,http://www.metrolyrics.com/im-that-chick-lyrics-mariah-carey.html,2008
0,I've Been Thinking About You,http://www.metrolyrics.com/ive-been-thinking-about-you-lyrics-mariah-carey.html,2006
2,If It's Over,http://www.metrolyrics.com/if-its-over-lyrics-mariah-carey.html,2006
0,If We,http://www.metrolyrics.com/if-we-lyrics-mariah-carey.html,2006
2,Imperfect,http://www.metrolyrics.com/imperfect-lyrics-mariah-carey.html,2010
0,Impossible,http://www.metrolyrics.com/impossible-lyrics-mariah-carey.html,2009
2,Infinity,http://www.metrolyrics.com/infinity-lyrics-mariah-carey.html,2015
0,Inseparable,http://www.metrolyrics.com/inseparable-lyrics-mariah-carey.html,2009
0,Inseparable (Remix),http://www.metrolyrics.com/inseparable-remix-lyrics-mariah-carey.html,2010
0,It's a Wrap,http://www.metrolyrics.com/its-a-wrap-lyrics-mariah-carey.html,2009
4,It's Like That,http://www.metrolyrics.com/its-like-that-lyrics-mariah-carey.html,2005
0,Jesus Born On This Day,http://www.metrolyrics.com/jesus-born-on-this-day-lyrics-mariah-carey.html,2006
0,Jesus Was Born On This Day,http://www.metrolyrics.com/jesus-was-born-on-this-day-lyrics-mariah-carey.html,2006
0,"Jesus, Oh What A Wonderful Child",http://www.metrolyrics.com/jesus-oh-what-a-wonderful-child-lyrics-mariah-carey.html,2006
3,Joy Ride,http://www.metrolyrics.com/joy-ride-lyrics-mariah-carey.html,2005
0,Joy To The World,http://www.metrolyrics.com/joy-to-the-world-lyrics-mariah-carey.html,2006
1,Just To Hold You Once Again,http://www.metrolyrics.com/just-to-hold-you-once-again-lyrics-mariah-carey.html,2006
0,Languishing,http://www.metrolyrics.com/languishing-lyrics-mariah-carey.html,2009
0,Last Kiss,http://www.metrolyrics.com/last-kiss-lyrics-mariah-carey.html,2008
0,Last Night A Dj Saved My Life,http://www.metrolyrics.com/last-night-a-dj-saved-my-life-lyrics-mariah-carey.html,2006
0,Lead The Way,http://www.metrolyrics.com/lead-the-way-lyrics-mariah-carey.html,2006
0,Long Ago,http://www.metrolyrics.com/long-ago-lyrics-mariah-carey.html,2006
0,Looking In,http://www.metrolyrics.com/looking-in-lyrics-mariah-carey.html,2006
2,Love Story,http://www.metrolyrics.com/love-story-lyrics-mariah-carey.html,2008
4,Love Takes Time,http://www.metrolyrics.com/love-takes-time-lyrics-mariah-carey.html,2009
1,Loverboy,http://www.metrolyrics.com/loverboy-lyrics-mariah-carey.html,2006
0,Loverboy (remix),http://www.metrolyrics.com/loverboy-remix-lyrics-mariah-carey.html,2006
0,Lullaby,http://www.metrolyrics.com/lullaby-lyrics-mariah-carey.html,2006
3,Make It Happen,http://www.metrolyrics.com/make-it-happen-lyrics-mariah-carey.html,2012
0,Make It Look Good,http://www.metrolyrics.com/make-it-look-good-lyrics-mariah-carey.html,2014
0,Make It Through The Rain,http://www.metrolyrics.com/make-it-through-the-rain-lyrics-mariah-carey.html,2007
0,Makin' Last All Night (What It Do),http://www.metrolyrics.com/makin-last-all-night-what-it-do-lyrics-mariah-carey.html,2007
1,Melt Away,http://www.metrolyrics.com/melt-away-lyrics-mariah-carey.html,2006
0,Meteorite,http://www.metrolyrics.com/meteorite-lyrics-mariah-carey.html,2014
2,Mine Again,http://www.metrolyrics.com/mine-again-lyrics-mariah-carey.html,2005
1,Miss You,http://www.metrolyrics.com/miss-you-lyrics-mariah-carey.html,2007
0,Miss You Most (at Christmas Time),http://www.metrolyrics.com/miss-you-most-at-christmas-time-lyrics-mariah-carey.html,2006
0,Money ($ * / ...),http://www.metrolyrics.com/money-lyrics-mariah-carey.html,2014
0,More than Just Friends,http://www.metrolyrics.com/more-than-just-friends-lyrics-mariah-carey.html,2009
2,Music Box,http://www.metrolyrics.com/music-box-lyrics-mariah-carey.html,2006
7,My All,http://www.metrolyrics.com/my-all-lyrics-mariah-carey.html,2009
0,My Love,http://www.metrolyrics.com/my-love-lyrics-mariah-carey.html,2009
0,My Saving Grace,http://www.metrolyrics.com/my-saving-grace-lyrics-mariah-carey.html,2006
1,Never Forget You,http://www.metrolyrics.com/never-forget-you-lyrics-mariah-carey.html,2006
3,Never Too Far,http://www.metrolyrics.com/never-too-far-lyrics-mariah-carey.html,2006
1,Now That I Know,http://www.metrolyrics.com/now-that-i-know-lyrics-mariah-carey.html,2006
5,O Holy Night,http://www.metrolyrics.com/o-holy-night-lyrics-mariah-carey.html,2010
1,O.O.C.,http://www.metrolyrics.com/ooc-lyrics-mariah-carey.html,2008
6,Obsessed,http://www.metrolyrics.com/obsessed-lyrics-mariah-carey.html,2009
0,Obsessed (Remix),http://www.metrolyrics.com/obsessed-remix-lyrics-mariah-carey.html,2009
0,Oh Santa!,http://www.metrolyrics.com/oh-santa-lyrics-mariah-carey.html,2010
0,One And Only,http://www.metrolyrics.com/one-and-only-lyrics-mariah-carey.html,2005
0,One Child,http://www.metrolyrics.com/one-child-lyrics-mariah-carey.html,2010
0,One Mo' Gen,http://www.metrolyrics.com/one-mo-gen-lyrics-mariah-carey.html,2018
1,One More Try,http://www.metrolyrics.com/one-more-try-lyrics-mariah-carey.html,2014
6,One Sweet Day,http://www.metrolyrics.com/one-sweet-day-lyrics-mariah-carey.html,2009
3,One Sweet Day (with Boyz Ii Men),http://www.metrolyrics.com/one-sweet-day-with-boyz-ii-men-lyrics-mariah-carey.html,2006
2,Open Arms,http://www.metrolyrics.com/open-arms-lyrics-mariah-carey.html,2006
0,Outside,http://www.metrolyrics.com/outside-lyrics-mariah-carey.html,2006
0,Petals,http://www.metrolyrics.com/petals-lyrics-mariah-carey.html,2006
0,Portrait,http://www.metrolyrics.com/portrait-lyrics-mariah-carey.html,2018
0,Prisoner,http://www.metrolyrics.com/prisoner-lyrics-mariah-carey.html,2006
1,Reflections,http://www.metrolyrics.com/reflections-lyrics-mariah-carey.html,2009
0,Reflections (care Enough),http://www.metrolyrics.com/reflections-care-enough-lyrics-mariah-carey.html,2006
1,Ribbon,http://www.metrolyrics.com/ribbon-lyrics-mariah-carey.html,2009
0,Santa Claus Is Comin' To Town,http://www.metrolyrics.com/santa-claus-is-comin-to-town-lyrics-mariah-carey.html,2006
0,Santa Claus is Coming to Town,http://www.metrolyrics.com/santa-claus-is-coming-to-town-lyrics-mariah-carey.html,2010
0,Say Somethin',http://www.metrolyrics.com/say-somethin-lyrics-mariah-carey.html,2005
2,Say Something,http://www.metrolyrics.com/say-something-lyrics-mariah-carey.html,2006
1,Secret Love,http://www.metrolyrics.com/secret-love-lyrics-mariah-carey.html,2007
0,Sent From Up Above,http://www.metrolyrics.com/sent-from-up-above-lyrics-mariah-carey.html,2006
6,Shake It Off,http://www.metrolyrics.com/shake-it-off-lyrics-mariah-carey.html,2005
2,Side Effects,http://www.metrolyrics.com/side-effects-lyrics-mariah-carey.html,2008
0,Silent Night,http://www.metrolyrics.com/silent-night-lyrics-mariah-carey.html,2006
0,Slipping Away,http://www.metrolyrics.com/slipping-away-lyrics-mariah-carey.html,2006
1,So Blessed,http://www.metrolyrics.com/so-blessed-lyrics-mariah-carey.html,2006
2,Someday,http://www.metrolyrics.com/someday-lyrics-mariah-carey.html,2006
0,Sprung,http://www.metrolyrics.com/sprung-lyrics-mariah-carey.html,2006
0,Standing O's,http://www.metrolyrics.com/standing-os-lyrics-mariah-carey.html,2009
0,Stay Long Love You,http://www.metrolyrics.com/stay-long-love-you-lyrics-mariah-carey.html,2018
0,Stay The Night,http://www.metrolyrics.com/stay-the-night-lyrics-mariah-carey.html,2005
0,Subtle Invitation,http://www.metrolyrics.com/subtle-invitation-lyrics-mariah-carey.html,2006
0,Sunflowers (For Alfred Carey),http://www.metrolyrics.com/sunflowers-for-alfred-carey-lyrics-mariah-carey.html,2006
0,Supernatural,http://www.metrolyrics.com/supernatural-lyrics-mariah-carey.html,2014
2,Sweetheart,http://www.metrolyrics.com/sweetheart-lyrics-mariah-carey.html,2006
5,Thank God I Found You,http://www.metrolyrics.com/thank-god-i-found-you-lyrics-mariah-carey.html,2012
1,Thank God I Found You (remix),http://www.metrolyrics.com/thank-god-i-found-you-remix-lyrics-mariah-carey.html,2006
0,Thanx 4 Nothin',http://www.metrolyrics.com/thanx-4-nothin-lyrics-mariah-carey.html,2008
0,That Chick,http://www.metrolyrics.com/that-chick-lyrics-mariah-carey.html,2008
3,The Art of Letting Go,http://www.metrolyrics.com/the-art-of-letting-go-lyrics-mariah-carey.html,2013
2,The Beautiful Ones,http://www.metrolyrics.com/the-beautiful-ones-lyrics-mariah-carey.html,2006
0,The Distance,http://www.metrolyrics.com/the-distance-lyrics-mariah-carey.html,2018
0,The One,http://www.metrolyrics.com/the-one-lyrics-mariah-carey.html,2006
2,The Roof,http://www.metrolyrics.com/the-roof-lyrics-mariah-carey.html,2009
0,The Star,http://www.metrolyrics.com/the-star-lyrics-mariah-carey.html,2017
1,The Wind,http://www.metrolyrics.com/the-wind-lyrics-mariah-carey.html,2006
0,There For Me,http://www.metrolyrics.com/there-for-me-lyrics-mariah-carey.html,2006
0,There Goes My Heart,http://www.metrolyrics.com/there-goes-my-heart-lyrics-mariah-carey.html,2007
1,There's Got to Be a Way,http://www.metrolyrics.com/theres-got-to-be-a-way-lyrics-mariah-carey.html,2006
0,Thirsty,http://www.metrolyrics.com/thirsty-lyrics-mariah-carey.html,2014
5,Through The Rain,http://www.metrolyrics.com/through-the-rain-lyrics-mariah-carey.html,2006
0,Through The Rain Remix,http://www.metrolyrics.com/through-the-rain-remix-lyrics-mariah-carey.html,2007
4,Till The End Of Time,http://www.metrolyrics.com/till-the-end-of-time-lyrics-mariah-carey.html,2006
0,To Be Around You,http://www.metrolyrics.com/to-be-around-you-lyrics-mariah-carey.html,2006
0,To The Floor,http://www.metrolyrics.com/to-the-floor-lyrics-mariah-carey.html,2005
7,Touch My Body,http://www.metrolyrics.com/touch-my-body-lyrics-mariah-carey.html,2008
1,Touch My Body (Remix),http://www.metrolyrics.com/touch-my-body-remix-lyrics-mariah-carey.html,2008
0,Triumphant,http://www.metrolyrics.com/triumphant-lyrics-mariah-carey.html,2012
0,Triumphant (Get 'Em),http://www.metrolyrics.com/triumphant-get-em-lyrics-mariah-carey.html,2012
0,Twister,http://www.metrolyrics.com/twister-lyrics-mariah-carey.html,2006
2,Underneath The Stars,http://www.metrolyrics.com/underneath-the-stars-lyrics-mariah-carey.html,2012
2,Up Out My Face,http://www.metrolyrics.com/up-out-my-face-lyrics-mariah-carey.html,2009
0,Vanishing,http://www.metrolyrics.com/vanishing-lyrics-mariah-carey.html,2012
5,Vision Of Love,http://www.metrolyrics.com/vision-of-love-lyrics-mariah-carey.html,2009
0,Visions Of Love,http://www.metrolyrics.com/visions-of-love-lyrics-mariah-carey.html,2006
0,Want You,http://www.metrolyrics.com/want-you-lyrics-mariah-carey.html,2006
10,We Belong Together,http://www.metrolyrics.com/we-belong-together-lyrics-mariah-carey.html,2005
0,Weakness Of The Body,http://www.metrolyrics.com/weakness-of-the-body-lyrics-mariah-carey.html,2008
0,When Christmas Comes,http://www.metrolyrics.com/when-christmas-comes-lyrics-mariah-carey.html,2010
2,When I Saw You,http://www.metrolyrics.com/when-i-saw-you-lyrics-mariah-carey.html,2006
8,When You Believe,http://www.metrolyrics.com/when-you-believe-lyrics-mariah-carey.html,2009
1,When You Believe (from,http://www.metrolyrics.com/when-you-believe-from-lyrics-mariah-carey.html,2006
0,When You Belive,http://www.metrolyrics.com/when-you-belive-lyrics-mariah-carey.html,2006
4,Whenever You Call,http://www.metrolyrics.com/whenever-you-call-lyrics-mariah-carey.html,2006
5,Whenever You Call (with Brian Mcknight),http://www.metrolyrics.com/whenever-you-call-with-brian-mcknight-lyrics-mariah-carey.html,2006
0,With You,http://www.metrolyrics.com/with-you-lyrics-mariah-carey.html,2018
5,Without You,http://www.metrolyrics.com/without-you-lyrics-mariah-carey.html,2009
1,X-girlfriend,http://www.metrolyrics.com/xgirlfriend-lyrics-mariah-carey.html,2006
2,You Don't Know What to Do,http://www.metrolyrics.com/you-dont-know-what-to-do-lyrics-mariah-carey.html,2014
1,You Got Me,http://www.metrolyrics.com/you-got-me-lyrics-mariah-carey.html,2006
1,You Had Your Chance,http://www.metrolyrics.com/you-had-your-chance-lyrics-mariah-carey.html,2006
0,You Need Me,http://www.metrolyrics.com/you-need-me-lyrics-mariah-carey.html,2006
3,You're Mine,http://www.metrolyrics.com/youre-mine-lyrics-mariah-carey.html,2013
0,You're Mine (Eternal),http://www.metrolyrics.com/youre-mine-eternal-lyrics-mariah-carey.html,2014
0,You're Mine (Eternal) (Remix),http://www.metrolyrics.com/youre-mine-eternal-remix-lyrics-mariah-carey.html,2014
0,You're So Cold,http://www.metrolyrics.com/youre-so-cold-lyrics-mariah-carey.html,2006
0,Your Girl,http://www.metrolyrics.com/your-girl-lyrics-mariah-carey.html,2005
0,Yours,http://www.metrolyrics.com/yours-lyrics-mariah-carey.html,2006
